{
  "$schema": "https://mintlify.com/docs.json",
  "theme": "aspen",
  "name": "MoEngage",
  "colors": {
    "primary": "#001447",
    "light": "#4D6DCE",
    "dark": "#001447"
  },
  "appearance": {
    "default": "light"
  },
  "background": {
    "decoration": "gradient",
    "color": {
      "light": "#f4eee2"
    }
  },
  "fonts": {
    "heading": {
      "family": "circular",
      "source": "https://www.moengage.com/wp-content/themes/moengagewp/assets/fonts/CircularXXWeb-Regular.woff2",
      "format": "woff2"
    },
    "body": {
      "family": "circular",
      "source": "https://www.moengage.com/wp-content/themes/moengagewp/assets/fonts/CircularXXWeb-Regular.woff2",
      "format": "woff2"
    }
  },
  "favicon": "/favicon.svg",
  "navigation": {
    "tabs": [
      {
        "tab": "Developer Guide",
        "groups": [
          {
            "group": " ",
            "pages": [
              "hc/en-us/sections/index"
            ]
          },
          {
            "group": "iOS SDK",
            "pages": [
              {
                "group": "SDK Integration",
                "pages": [
                  {
                    "group": "Basic",
                    "pages": [
                      "hc/en-us/articles/4403900743828-SDK-Integration",
                      "hc/en-us/articles/4403905438228-SDK-Initialization",
                      "hc/en-us/articles/4403910162452-Data-Center"
                    ]
                  },
                  {
                    "group": "Advanced",
                    "pages": [
                      "hc/en-us/articles/15320224415764-Add-On-Security"
                    ]
                  }
                ]
              },
              {
                "group": "Data Tracking",
                "pages": [
                  {
                    "group": "Basic",
                    "pages": [
                      "hc/en-us/articles/4403910297620-Install-Update-differentiation",
                      "hc/en-us/articles/35580768711060-Setting-Unique-Id-for-SDK-versions-below-9-23-0"
                    ]
                  }
                ]
              }
            ]
          },
          {
            "group": "Android SDK",
            "pages": [
              {
                "group": "SDK Integration",
                "pages": [
                  {
                    "group": "Basic Integration",
                    "pages": [
                      "hc/en-us/articles/5339694836884-Configuring-Build-Settings"
                    ]
                  },
                  {
                    "group": "Advanced or Optional",
                    "pages": [
                      "hc/en-us/articles/4408876754068-Network-Security-Configuration"
                    ]
                  }
                ]
              }
            ]
          },
          {
            "group": "Changelog",
            "pages": [
              "hc/en-us/articles/39753601645332-Changelog"
            ]
          }
        ]
      },
      {
        "tab": "User Guide",
        "groups": [
          {
            "group": "Getting Started",
            "pages": [
              {
                "group": "Overview",
                "pages": [
                  "hc/en-us/articles/360040071212-Terms-to-Know",
                  "hc/en-us/articles/115005943283-Feature-or-Product-in-Beta"
                ]
              },
              {
                "group": "Initial Setup",
                "pages": [
                  "hc/en-us/articles/210845683-Live-and-Test-environments",
                  "hc/en-us/articles/36774960874004-Navigate-to-Your-Account-s-Login-Page"
                ]
              }
            ]
          },
           {
            "group": "Settings",
            "pages": [
              {
                "group": "Account",
                "pages": [
                  {
                    "group": "General Settings",
                    "pages": [
                      "hc/en-us/articles/36472555136020-Workspace-Settings"
                    ]
                  }
                ]
              }
            ]
          }
        ]
      }
    ],
    "global": {
      "anchors": [
        {
          "anchor": "Support",
          "href": "https://help.moengage.com/hc/en-us",
          "icon": "headset"
        },
        {
          "anchor": "Blog",
          "href": "https://www.moengage.com/blog",
          "icon": "newspaper"
        }
      ]
    }
  },
  "logo": {
    "light": "/logo/light.svg",
    "dark": "/logo/dark.svg",
    "href": "https://www.moengage.com"
  },
  "navbar": {
    "links": [
      {
        "label": "Login",
        "href": "https://dashboard.moengage.com/v4"
      }
    ],
    "primary": {
      "type": "button",
      "label": "Request Demo",
      "href": "https://www.moengage.com/request-demo"
    }
  },
  "contextual": {
    "options": [
      "copy",
      "view",
      "chatgpt",
      "claude",
      "perplexity",
      "mcp",
      "cursor",
      "vscode"
    ]
  },
  "footer": {
    "socials": {
      "linkedin": "https://www.linkedin.com/company/moengage",
      "x": "https://x.com/i/flow/login?redirect_after_login=%2Fmoengage",
      "youtube": "https://www.youtube.com/c/MoEngage_Global",
      "facebook": "https://www.facebook.com/moengage"
    }
  }
}
